epoch,train_loss,val_loss,val_sensitivity,val_specificity,val_accuracy,val_f1,lr
1,0.5822,0.5695,69.93,64.39,68.93,0.7776,0.0009972609476841367
2,0.5169,0.5108,74.79,69.61,73.86,0.8114,0.0009890738003669028
3,0.4639,0.4661,77.61,73.16,76.81,0.8327,0.0009755282581475768
4,0.4234,0.4134,79.91,76.61,79.32,0.8523,0.0009567727288213005
5,0.3822,0.3908,82.34,78.68,81.68,0.8653,0.0009330127018922195
6,0.362,0.36,84.35,80.82,83.71,0.8778,0.0009045084971874737
7,0.3289,0.3382,85.22,83.93,84.99,0.8936,0.0008715724127386971
8,0.3077,0.3166,86.43,86.41,86.43,0.9068,0.0008345653031794292
9,0.2926,0.2965,87.71,84.96,87.21,0.9008,0.0007938926261462366
10,0.2789,0.2784,87.57,86.88,87.45,0.91,0.00075
11,0.2689,0.2777,88.48,87.1,88.23,0.9118,0.0007033683215379002
12,0.2499,0.2638,88.73,88.66,88.72,0.9196,0.0006545084971874737
13,0.2487,0.2507,89.29,87.88,89.04,0.9161,0.0006039558454088796
14,0.2184,0.256,89.7,92.2,90.15,0.9408,0.0005522642316338268
15,0.218,0.2459,90.0,87.5,89.55,0.94,0.0005000000000000001
16,0.2149,0.242,90.2,85.9,89.43,0.9401,0.00044773576836617336
17,0.2287,0.2459,89.8,89.82,89.8,0.926,0.0003960441545911203
18,0.2235,0.2327,90.03,90.35,90.09,0.9288,0.00034549150281252633
19,0.2191,0.2411,89.06,89.87,89.21,0.9259,0.0002966316784621
20,0.2172,0.2296,90.05,87.68,89.62,0.9157,0.0002500000000000001
21,0.214,0.231,90.58,88.91,90.28,0.922,0.00020610737385376348
22,0.21,0.2252,90.41,89.62,90.27,0.9254,0.00016543469682057105
23,0.2098,0.229,90.15,90.17,90.15,0.928,0.000128427587261303
24,0.2079,0.2237,90.0,88.25,89.69,0.9184,9.549150281252633e-05
25,0.211,0.2258,90.15,89.25,89.99,0.9234,6.698729810778065e-05
26,0.2033,0.2216,90.04,88.81,89.82,0.9212,4.322727117869951e-05
27,0.2077,0.2251,90.83,89.6,90.61,0.9255,2.4471741852423235e-05
28,0.2088,0.2222,89.5,89.45,89.49,0.924,1.0926199633097156e-05
29,0.2082,0.2345,89.8,90.6,89.94,0.9408,2.7390523158632995e-06
30,0.213,0.216,90.0,87.5,89.55,0.94,0.0
